path,filename,label,label_name,subject_id,file_size_bytes,origin_split
C:\Users\eduar\AppData\Local\Temp\pytest-of-eduar\pytest-10\test_split_manifest_no_leakage0\mock_mri\Testing\glioma\scan_glioma_00.jpg,scan_glioma_00.jpg,0,glioma,glioma_scan_glioma_00.jpg,3090,Testing
C:\Users\eduar\AppData\Local\Temp\pytest-of-eduar\pytest-10\test_split_manifest_no_leakage0\mock_mri\Testing\glioma\scan_glioma_01.jpg,scan_glioma_01.jpg,0,glioma,glioma_scan_glioma_01.jpg,3097,Testing
C:\Users\eduar\AppData\Local\Temp\pytest-of-eduar\pytest-10\test_split_manifest_no_leakage0\mock_mri\Testing\glioma\scan_glioma_02.jpg,scan_glioma_02.jpg,0,glioma,glioma_scan_glioma_02.jpg,3062,Testing
C:\Users\eduar\AppData\Local\Temp\pytest-of-eduar\pytest-10\test_split_manifest_no_leakage0\mock_mri\Testing\glioma\scan_glioma_03.jpg,scan_glioma_03.jpg,0,glioma,glioma_scan_glioma_03.jpg,3065,Testing
C:\Users\eduar\AppData\Local\Temp\pytest-of-eduar\pytest-10\test_split_manifest_no_leakage0\mock_mri\Testing\glioma\scan_glioma_04.jpg,scan_glioma_04.jpg,0,glioma,glioma_scan_glioma_04.jpg,3077,Testing
C:\Users\eduar\AppData\Local\Temp\pytest-of-eduar\pytest-10\test_split_manifest_no_leakage0\mock_mri\Testing\meningioma\scan_meningioma_00.jpg,scan_meningioma_00.jpg,1,meningioma,meningioma_scan_meningioma_00.jpg,3073,Testing
C:\Users\eduar\AppData\Local\Temp\pytest-of-eduar\pytest-10\test_split_manifest_no_leakage0\mock_mri\Testing\meningioma\scan_meningioma_01.jpg,scan_meningioma_01.jpg,1,meningioma,meningioma_scan_meningioma_01.jpg,3109,Testing
C:\Users\eduar\AppData\Local\Temp\pytest-of-eduar\pytest-10\test_split_manifest_no_leakage0\mock_mri\Testing\meningioma\scan_meningioma_02.jpg,scan_meningioma_02.jpg,1,meningioma,meningioma_scan_meningioma_02.jpg,3088,Testing
C:\Users\eduar\AppData\Local\Temp\pytest-of-eduar\pytest-10\test_split_manifest_no_leakage0\mock_mri\Testing\meningioma\scan_meningioma_03.jpg,scan_meningioma_03.jpg,1,meningioma,meningioma_scan_meningioma_03.jpg,3079,Testing
C:\Users\eduar\AppData\Local\Temp\pytest-of-eduar\pytest-10\test_split_manifest_no_leakage0\mock_mri\Testing\meningioma\scan_meningioma_04.jpg,scan_meningioma_04.jpg,1,meningioma,meningioma_scan_meningioma_04.jpg,3091,Testing
C:\Users\eduar\AppData\Local\Temp\pytest-of-eduar\pytest-10\test_split_manifest_no_leakage0\mock_mri\Testing\notumor\scan_notumor_00.jpg,scan_notumor_00.jpg,2,notumor,notumor_scan_notumor_00.jpg,3096,Testing
C:\Users\eduar\AppData\Local\Temp\pytest-of-eduar\pytest-10\test_split_manifest_no_leakage0\mock_mri\Testing\notumor\scan_notumor_01.jpg,scan_notumor_01.jpg,2,notumor,notumor_scan_notumor_01.jpg,3077,Testing
C:\Users\eduar\AppData\Local\Temp\pytest-of-eduar\pytest-10\test_split_manifest_no_leakage0\mock_mri\Testing\notumor\scan_notumor_02.jpg,scan_notumor_02.jpg,2,notumor,notumor_scan_notumor_02.jpg,3078,Testing
C:\Users\eduar\AppData\Local\Temp\pytest-of-eduar\pytest-10\test_split_manifest_no_leakage0\mock_mri\Testing\notumor\scan_notumor_03.jpg,scan_notumor_03.jpg,2,notumor,notumor_scan_notumor_03.jpg,3071,Testing
C:\Users\eduar\AppData\Local\Temp\pytest-of-eduar\pytest-10\test_split_manifest_no_leakage0\mock_mri\Testing\notumor\scan_notumor_04.jpg,scan_notumor_04.jpg,2,notumor,notumor_scan_notumor_04.jpg,3082,Testing
C:\Users\eduar\AppData\Local\Temp\pytest-of-eduar\pytest-10\test_split_manifest_no_leakage0\mock_mri\Testing\pituitary\scan_pituitary_00.jpg,scan_pituitary_00.jpg,3,pituitary,pituitary_scan_pituitary_00.jpg,3092,Testing
C:\Users\eduar\AppData\Local\Temp\pytest-of-eduar\pytest-10\test_split_manifest_no_leakage0\mock_mri\Testing\pituitary\scan_pituitary_01.jpg,scan_pituitary_01.jpg,3,pituitary,pituitary_scan_pituitary_01.jpg,3078,Testing
C:\Users\eduar\AppData\Local\Temp\pytest-of-eduar\pytest-10\test_split_manifest_no_leakage0\mock_mri\Testing\pituitary\scan_pituitary_02.jpg,scan_pituitary_02.jpg,3,pituitary,pituitary_scan_pituitary_02.jpg,3090,Testing
C:\Users\eduar\AppData\Local\Temp\pytest-of-eduar\pytest-10\test_split_manifest_no_leakage0\mock_mri\Testing\pituitary\scan_pituitary_03.jpg,scan_pituitary_03.jpg,3,pituitary,pituitary_scan_pituitary_03.jpg,3087,Testing
C:\Users\eduar\AppData\Local\Temp\pytest-of-eduar\pytest-10\test_split_manifest_no_leakage0\mock_mri\Testing\pituitary\scan_pituitary_04.jpg,scan_pituitary_04.jpg,3,pituitary,pituitary_scan_pituitary_04.jpg,3061,Testing
C:\Users\eduar\AppData\Local\Temp\pytest-of-eduar\pytest-10\test_split_manifest_no_leakage0\mock_mri\Training\glioma\scan_glioma_00.jpg,scan_glioma_00.jpg,0,glioma,glioma_scan_glioma_00.jpg,3101,Training
C:\Users\eduar\AppData\Local\Temp\pytest-of-eduar\pytest-10\test_split_manifest_no_leakage0\mock_mri\Training\glioma\scan_glioma_01.jpg,scan_glioma_01.jpg,0,glioma,glioma_scan_glioma_01.jpg,3099,Training
C:\Users\eduar\AppData\Local\Temp\pytest-of-eduar\pytest-10\test_split_manifest_no_leakage0\mock_mri\Training\glioma\scan_glioma_02.jpg,scan_glioma_02.jpg,0,glioma,glioma_scan_glioma_02.jpg,3108,Training
C:\Users\eduar\AppData\Local\Temp\pytest-of-eduar\pytest-10\test_split_manifest_no_leakage0\mock_mri\Training\glioma\scan_glioma_03.jpg,scan_glioma_03.jpg,0,glioma,glioma_scan_glioma_03.jpg,3094,Training
C:\Users\eduar\AppData\Local\Temp\pytest-of-eduar\pytest-10\test_split_manifest_no_leakage0\mock_mri\Training\glioma\scan_glioma_04.jpg,scan_glioma_04.jpg,0,glioma,glioma_scan_glioma_04.jpg,3067,Training
C:\Users\eduar\AppData\Local\Temp\pytest-of-eduar\pytest-10\test_split_manifest_no_leakage0\mock_mri\Training\meningioma\scan_meningioma_00.jpg,scan_meningioma_00.jpg,1,meningioma,meningioma_scan_meningioma_00.jpg,3076,Training
C:\Users\eduar\AppData\Local\Temp\pytest-of-eduar\pytest-10\test_split_manifest_no_leakage0\mock_mri\Training\meningioma\scan_meningioma_01.jpg,scan_meningioma_01.jpg,1,meningioma,meningioma_scan_meningioma_01.jpg,3076,Training
C:\Users\eduar\AppData\Local\Temp\pytest-of-eduar\pytest-10\test_split_manifest_no_leakage0\mock_mri\Training\meningioma\scan_meningioma_02.jpg,scan_meningioma_02.jpg,1,meningioma,meningioma_scan_meningioma_02.jpg,3054,Training
C:\Users\eduar\AppData\Local\Temp\pytest-of-eduar\pytest-10\test_split_manifest_no_leakage0\mock_mri\Training\meningioma\scan_meningioma_03.jpg,scan_meningioma_03.jpg,1,meningioma,meningioma_scan_meningioma_03.jpg,3079,Training
C:\Users\eduar\AppData\Local\Temp\pytest-of-eduar\pytest-10\test_split_manifest_no_leakage0\mock_mri\Training\meningioma\scan_meningioma_04.jpg,scan_meningioma_04.jpg,1,meningioma,meningioma_scan_meningioma_04.jpg,3088,Training
C:\Users\eduar\AppData\Local\Temp\pytest-of-eduar\pytest-10\test_split_manifest_no_leakage0\mock_mri\Training\notumor\scan_notumor_00.jpg,scan_notumor_00.jpg,2,notumor,notumor_scan_notumor_00.jpg,3071,Training
C:\Users\eduar\AppData\Local\Temp\pytest-of-eduar\pytest-10\test_split_manifest_no_leakage0\mock_mri\Training\notumor\scan_notumor_01.jpg,scan_notumor_01.jpg,2,notumor,notumor_scan_notumor_01.jpg,3076,Training
C:\Users\eduar\AppData\Local\Temp\pytest-of-eduar\pytest-10\test_split_manifest_no_leakage0\mock_mri\Training\notumor\scan_notumor_02.jpg,scan_notumor_02.jpg,2,notumor,notumor_scan_notumor_02.jpg,3074,Training
C:\Users\eduar\AppData\Local\Temp\pytest-of-eduar\pytest-10\test_split_manifest_no_leakage0\mock_mri\Training\notumor\scan_notumor_03.jpg,scan_notumor_03.jpg,2,notumor,notumor_scan_notumor_03.jpg,3099,Training
C:\Users\eduar\AppData\Local\Temp\pytest-of-eduar\pytest-10\test_split_manifest_no_leakage0\mock_mri\Training\notumor\scan_notumor_04.jpg,scan_notumor_04.jpg,2,notumor,notumor_scan_notumor_04.jpg,3083,Training
C:\Users\eduar\AppData\Local\Temp\pytest-of-eduar\pytest-10\test_split_manifest_no_leakage0\mock_mri\Training\pituitary\scan_pituitary_00.jpg,scan_pituitary_00.jpg,3,pituitary,pituitary_scan_pituitary_00.jpg,3084,Training
C:\Users\eduar\AppData\Local\Temp\pytest-of-eduar\pytest-10\test_split_manifest_no_leakage0\mock_mri\Training\pituitary\scan_pituitary_01.jpg,scan_pituitary_01.jpg,3,pituitary,pituitary_scan_pituitary_01.jpg,3074,Training
C:\Users\eduar\AppData\Local\Temp\pytest-of-eduar\pytest-10\test_split_manifest_no_leakage0\mock_mri\Training\pituitary\scan_pituitary_02.jpg,scan_pituitary_02.jpg,3,pituitary,pituitary_scan_pituitary_02.jpg,3077,Training
C:\Users\eduar\AppData\Local\Temp\pytest-of-eduar\pytest-10\test_split_manifest_no_leakage0\mock_mri\Training\pituitary\scan_pituitary_03.jpg,scan_pituitary_03.jpg,3,pituitary,pituitary_scan_pituitary_03.jpg,3069,Training
C:\Users\eduar\AppData\Local\Temp\pytest-of-eduar\pytest-10\test_split_manifest_no_leakage0\mock_mri\Training\pituitary\scan_pituitary_04.jpg,scan_pituitary_04.jpg,3,pituitary,pituitary_scan_pituitary_04.jpg,3084,Training
