path,filename,label,label_name,subject_id,file_size_bytes,origin_split,split
C:\Users\eduar\AppData\Local\Temp\pytest-of-eduar\pytest-9\test_split_manifest_no_leakage0\mock_mri\Testing\glioma\scan_glioma_00.jpg,scan_glioma_00.jpg,0,glioma,glioma_scan_glioma_00.jpg,3063,Testing,train
C:\Users\eduar\AppData\Local\Temp\pytest-of-eduar\pytest-9\test_split_manifest_no_leakage0\mock_mri\Testing\glioma\scan_glioma_01.jpg,scan_glioma_01.jpg,0,glioma,glioma_scan_glioma_01.jpg,3074,Testing,test
C:\Users\eduar\AppData\Local\Temp\pytest-of-eduar\pytest-9\test_split_manifest_no_leakage0\mock_mri\Testing\glioma\scan_glioma_02.jpg,scan_glioma_02.jpg,0,glioma,glioma_scan_glioma_02.jpg,3076,Testing,train
C:\Users\eduar\AppData\Local\Temp\pytest-of-eduar\pytest-9\test_split_manifest_no_leakage0\mock_mri\Testing\glioma\scan_glioma_03.jpg,scan_glioma_03.jpg,0,glioma,glioma_scan_glioma_03.jpg,3088,Testing,train
C:\Users\eduar\AppData\Local\Temp\pytest-of-eduar\pytest-9\test_split_manifest_no_leakage0\mock_mri\Testing\glioma\scan_glioma_04.jpg,scan_glioma_04.jpg,0,glioma,glioma_scan_glioma_04.jpg,3072,Testing,train
C:\Users\eduar\AppData\Local\Temp\pytest-of-eduar\pytest-9\test_split_manifest_no_leakage0\mock_mri\Testing\meningioma\scan_meningioma_00.jpg,scan_meningioma_00.jpg,1,meningioma,meningioma_scan_meningioma_00.jpg,3078,Testing,test
C:\Users\eduar\AppData\Local\Temp\pytest-of-eduar\pytest-9\test_split_manifest_no_leakage0\mock_mri\Testing\meningioma\scan_meningioma_01.jpg,scan_meningioma_01.jpg,1,meningioma,meningioma_scan_meningioma_01.jpg,3105,Testing,test
C:\Users\eduar\AppData\Local\Temp\pytest-of-eduar\pytest-9\test_split_manifest_no_leakage0\mock_mri\Testing\meningioma\scan_meningioma_02.jpg,scan_meningioma_02.jpg,1,meningioma,meningioma_scan_meningioma_02.jpg,3069,Testing,train
C:\Users\eduar\AppData\Local\Temp\pytest-of-eduar\pytest-9\test_split_manifest_no_leakage0\mock_mri\Testing\meningioma\scan_meningioma_03.jpg,scan_meningioma_03.jpg,1,meningioma,meningioma_scan_meningioma_03.jpg,3073,Testing,val
C:\Users\eduar\AppData\Local\Temp\pytest-of-eduar\pytest-9\test_split_manifest_no_leakage0\mock_mri\Testing\meningioma\scan_meningioma_04.jpg,scan_meningioma_04.jpg,1,meningioma,meningioma_scan_meningioma_04.jpg,3046,Testing,train
C:\Users\eduar\AppData\Local\Temp\pytest-of-eduar\pytest-9\test_split_manifest_no_leakage0\mock_mri\Testing\notumor\scan_notumor_00.jpg,scan_notumor_00.jpg,2,notumor,notumor_scan_notumor_00.jpg,3095,Testing,train
C:\Users\eduar\AppData\Local\Temp\pytest-of-eduar\pytest-9\test_split_manifest_no_leakage0\mock_mri\Testing\notumor\scan_notumor_01.jpg,scan_notumor_01.jpg,2,notumor,notumor_scan_notumor_01.jpg,3077,Testing,test
C:\Users\eduar\AppData\Local\Temp\pytest-of-eduar\pytest-9\test_split_manifest_no_leakage0\mock_mri\Testing\notumor\scan_notumor_02.jpg,scan_notumor_02.jpg,2,notumor,notumor_scan_notumor_02.jpg,3096,Testing,train
C:\Users\eduar\AppData\Local\Temp\pytest-of-eduar\pytest-9\test_split_manifest_no_leakage0\mock_mri\Testing\notumor\scan_notumor_03.jpg,scan_notumor_03.jpg,2,notumor,notumor_scan_notumor_03.jpg,3085,Testing,train
C:\Users\eduar\AppData\Local\Temp\pytest-of-eduar\pytest-9\test_split_manifest_no_leakage0\mock_mri\Testing\notumor\scan_notumor_04.jpg,scan_notumor_04.jpg,2,notumor,notumor_scan_notumor_04.jpg,3085,Testing,train
C:\Users\eduar\AppData\Local\Temp\pytest-of-eduar\pytest-9\test_split_manifest_no_leakage0\mock_mri\Testing\pituitary\scan_pituitary_00.jpg,scan_pituitary_00.jpg,3,pituitary,pituitary_scan_pituitary_00.jpg,3059,Testing,test
C:\Users\eduar\AppData\Local\Temp\pytest-of-eduar\pytest-9\test_split_manifest_no_leakage0\mock_mri\Testing\pituitary\scan_pituitary_01.jpg,scan_pituitary_01.jpg,3,pituitary,pituitary_scan_pituitary_01.jpg,3075,Testing,train
C:\Users\eduar\AppData\Local\Temp\pytest-of-eduar\pytest-9\test_split_manifest_no_leakage0\mock_mri\Testing\pituitary\scan_pituitary_02.jpg,scan_pituitary_02.jpg,3,pituitary,pituitary_scan_pituitary_02.jpg,3089,Testing,train
C:\Users\eduar\AppData\Local\Temp\pytest-of-eduar\pytest-9\test_split_manifest_no_leakage0\mock_mri\Testing\pituitary\scan_pituitary_03.jpg,scan_pituitary_03.jpg,3,pituitary,pituitary_scan_pituitary_03.jpg,3078,Testing,test
C:\Users\eduar\AppData\Local\Temp\pytest-of-eduar\pytest-9\test_split_manifest_no_leakage0\mock_mri\Testing\pituitary\scan_pituitary_04.jpg,scan_pituitary_04.jpg,3,pituitary,pituitary_scan_pituitary_04.jpg,3068,Testing,val
C:\Users\eduar\AppData\Local\Temp\pytest-of-eduar\pytest-9\test_split_manifest_no_leakage0\mock_mri\Training\glioma\scan_glioma_00.jpg,scan_glioma_00.jpg,0,glioma,glioma_scan_glioma_00.jpg,3088,Training,train
C:\Users\eduar\AppData\Local\Temp\pytest-of-eduar\pytest-9\test_split_manifest_no_leakage0\mock_mri\Training\glioma\scan_glioma_01.jpg,scan_glioma_01.jpg,0,glioma,glioma_scan_glioma_01.jpg,3089,Training,train
C:\Users\eduar\AppData\Local\Temp\pytest-of-eduar\pytest-9\test_split_manifest_no_leakage0\mock_mri\Training\glioma\scan_glioma_02.jpg,scan_glioma_02.jpg,0,glioma,glioma_scan_glioma_02.jpg,3088,Training,train
C:\Users\eduar\AppData\Local\Temp\pytest-of-eduar\pytest-9\test_split_manifest_no_leakage0\mock_mri\Training\glioma\scan_glioma_03.jpg,scan_glioma_03.jpg,0,glioma,glioma_scan_glioma_03.jpg,3095,Training,test
C:\Users\eduar\AppData\Local\Temp\pytest-of-eduar\pytest-9\test_split_manifest_no_leakage0\mock_mri\Training\glioma\scan_glioma_04.jpg,scan_glioma_04.jpg,0,glioma,glioma_scan_glioma_04.jpg,3069,Training,val
C:\Users\eduar\AppData\Local\Temp\pytest-of-eduar\pytest-9\test_split_manifest_no_leakage0\mock_mri\Training\meningioma\scan_meningioma_00.jpg,scan_meningioma_00.jpg,1,meningioma,meningioma_scan_meningioma_00.jpg,3096,Training,train
C:\Users\eduar\AppData\Local\Temp\pytest-of-eduar\pytest-9\test_split_manifest_no_leakage0\mock_mri\Training\meningioma\scan_meningioma_01.jpg,scan_meningioma_01.jpg,1,meningioma,meningioma_scan_meningioma_01.jpg,3082,Training,train
C:\Users\eduar\AppData\Local\Temp\pytest-of-eduar\pytest-9\test_split_manifest_no_leakage0\mock_mri\Training\meningioma\scan_meningioma_02.jpg,scan_meningioma_02.jpg,1,meningioma,meningioma_scan_meningioma_02.jpg,3086,Training,train
C:\Users\eduar\AppData\Local\Temp\pytest-of-eduar\pytest-9\test_split_manifest_no_leakage0\mock_mri\Training\meningioma\scan_meningioma_03.jpg,scan_meningioma_03.jpg,1,meningioma,meningioma_scan_meningioma_03.jpg,3091,Training,train
C:\Users\eduar\AppData\Local\Temp\pytest-of-eduar\pytest-9\test_split_manifest_no_leakage0\mock_mri\Training\meningioma\scan_meningioma_04.jpg,scan_meningioma_04.jpg,1,meningioma,meningioma_scan_meningioma_04.jpg,3102,Training,train
C:\Users\eduar\AppData\Local\Temp\pytest-of-eduar\pytest-9\test_split_manifest_no_leakage0\mock_mri\Training\notumor\scan_notumor_00.jpg,scan_notumor_00.jpg,2,notumor,notumor_scan_notumor_00.jpg,3075,Training,val
C:\Users\eduar\AppData\Local\Temp\pytest-of-eduar\pytest-9\test_split_manifest_no_leakage0\mock_mri\Training\notumor\scan_notumor_01.jpg,scan_notumor_01.jpg,2,notumor,notumor_scan_notumor_01.jpg,3094,Training,test
C:\Users\eduar\AppData\Local\Temp\pytest-of-eduar\pytest-9\test_split_manifest_no_leakage0\mock_mri\Training\notumor\scan_notumor_02.jpg,scan_notumor_02.jpg,2,notumor,notumor_scan_notumor_02.jpg,3064,Training,train
C:\Users\eduar\AppData\Local\Temp\pytest-of-eduar\pytest-9\test_split_manifest_no_leakage0\mock_mri\Training\notumor\scan_notumor_03.jpg,scan_notumor_03.jpg,2,notumor,notumor_scan_notumor_03.jpg,3074,Training,train
C:\Users\eduar\AppData\Local\Temp\pytest-of-eduar\pytest-9\test_split_manifest_no_leakage0\mock_mri\Training\notumor\scan_notumor_04.jpg,scan_notumor_04.jpg,2,notumor,notumor_scan_notumor_04.jpg,3102,Training,train
C:\Users\eduar\AppData\Local\Temp\pytest-of-eduar\pytest-9\test_split_manifest_no_leakage0\mock_mri\Training\pituitary\scan_pituitary_00.jpg,scan_pituitary_00.jpg,3,pituitary,pituitary_scan_pituitary_00.jpg,3053,Training,train
C:\Users\eduar\AppData\Local\Temp\pytest-of-eduar\pytest-9\test_split_manifest_no_leakage0\mock_mri\Training\pituitary\scan_pituitary_01.jpg,scan_pituitary_01.jpg,3,pituitary,pituitary_scan_pituitary_01.jpg,3083,Training,train
C:\Users\eduar\AppData\Local\Temp\pytest-of-eduar\pytest-9\test_split_manifest_no_leakage0\mock_mri\Training\pituitary\scan_pituitary_02.jpg,scan_pituitary_02.jpg,3,pituitary,pituitary_scan_pituitary_02.jpg,3075,Training,train
C:\Users\eduar\AppData\Local\Temp\pytest-of-eduar\pytest-9\test_split_manifest_no_leakage0\mock_mri\Training\pituitary\scan_pituitary_03.jpg,scan_pituitary_03.jpg,3,pituitary,pituitary_scan_pituitary_03.jpg,3081,Training,train
C:\Users\eduar\AppData\Local\Temp\pytest-of-eduar\pytest-9\test_split_manifest_no_leakage0\mock_mri\Training\pituitary\scan_pituitary_04.jpg,scan_pituitary_04.jpg,3,pituitary,pituitary_scan_pituitary_04.jpg,3071,Training,train
